#经过face-detect,face-feature
http://pj5mpx90q.bkt.clouddn.com/many-face/many-face1.jpg	http://pj5mpx90q.bkt.clouddn.com/many-face/sim-many-face1.jpg
http://pj5mpx90q.bkt.clouddn.com/many-face/many-face2.jpg	http://pj5mpx90q.bkt.clouddn.com/many-face/sim-many-face2.jpg
http://pj5mpx90q.bkt.clouddn.com/many-face/many-face3.jpg	http://pj5mpx90q.bkt.clouddn.com/many-face/sim-many-face3.jpg
http://pj5mpx90q.bkt.clouddn.com/many-face/many-face4.jpg	http://pj5mpx90q.bkt.clouddn.com/many-face/sim-many-face4.jpg
http://pj5mpx90q.bkt.clouddn.com/many-face/many-face5.jpg	http://pj5mpx90q.bkt.clouddn.com/many-face/sim-many-face5.jpg
http://pj5mpx90q.bkt.clouddn.com/many-face/many-face6.jpg	http://pj5mpx90q.bkt.clouddn.com/many-face/sim-many-face6.jpg
http://pj5mpx90q.bkt.clouddn.com/many-face/many-face7.jpg	http://pj5mpx90q.bkt.clouddn.com/many-face/sim-many-face7.jpg
http://pj5mpx90q.bkt.clouddn.com/many-face/many-face8.jpg	http://pj5mpx90q.bkt.clouddn.com/many-face/sim-many-face8.jpg
http://pj5mpx90q.bkt.clouddn.com/many-face/many-face9.jpg	http://pj5mpx90q.bkt.clouddn.com/many-face/sim-many-face9.jpg
http://pj5mpx90q.bkt.clouddn.com/many-face/many-face10.jpg	http://pj5mpx90q.bkt.clouddn.com/many-face/sim-many-face10.jpg